{
  "rtime": {
    "sum": 20.248342990875244,
    "avg": 0.8099337196350098,
    "min": 0.46822595596313477,
    "p10": 0.6451420783996582,
    "median": 0.8234291076660156,
    "p75": 0.9146080017089844,
    "max": 0.9165921211242676,
    "count": 25
  },
  "utime": {
    "sum": 17.56739,
    "avg": 0.7026956,
    "min": 0.43388600000000005,
    "p10": 0.5791995,
    "median": 0.724947,
    "p75": 0.764597,
    "max": 0.765347,
    "count": 25
  },
  "stime": {
    "sum": 2.2213410000000002,
    "avg": 0.08885364000000001,
    "min": 0.02733,
    "p10": 0.05750450000000001,
    "median": 0.088588,
    "p75": 0.11248699999999999,
    "max": 0.113685,
    "count": 25
  },
  "cutime": {
    "sum": 0.058620000000000005,
    "avg": 0.0023448,
    "min": 0.002193,
    "p10": 0.002193,
    "median": 0.002193,
    "p75": 0.002616,
    "max": 0.002616,
    "count": 25
  },
  "cstime": {
    "sum": 0.04345099999999999,
    "avg": 0.0017380399999999995,
    "min": 0.00161,
    "p10": 0.00161,
    "median": 0.00161,
    "p75": 0.002003,
    "max": 0.002003,
    "count": 25
  },
  "minor_gb": {
    "sum": 7.041836865246296,
    "avg": 0.2816734746098518,
    "min": 0.09277438372373581,
    "p10": 0.1941559724509716,
    "median": 0.2958499863743782,
    "p75": 0.32772909104824066,
    "max": 0.32822005450725555,
    "count": 25
  },
  "promoted_gb": {
    "sum": 0.7445924431085587,
    "avg": 0.029783697724342348,
    "min": 0.016114935278892517,
    "p10": 0.02318403869867325,
    "median": 0.03025314211845398,
    "p75": 0.034087955951690674,
    "max": 0.034087955951690674,
    "count": 25
  },
  "major_gb": {
    "sum": 0.8965541645884514,
    "avg": 0.03586216658353805,
    "min": 0.02104818820953369,
    "p10": 0.029460400342941284,
    "median": 0.03787276893854141,
    "p75": 0.037898868322372437,
    "max": 0.037899114191532135,
    "count": 25
  },
  "allocated_gb": {
    "sum": 7.193798586726189,
    "avg": 0.28775194346904753,
    "min": 0.09770763665437698,
    "p10": 0.20043233409523964,
    "median": 0.30346961319446564,
    "p75": 0.3315400034189224,
    "max": 0.332031212747097,
    "count": 25
  },
  "minor_collections": {
    "sum": 1502.0,
    "avg": 60.08,
    "min": 28.0,
    "p10": 45.5,
    "median": 63.0,
    "p75": 67.0,
    "max": 67.0,
    "count": 25
  },
  "major_collections": {
    "sum": 119.0,
    "avg": 4.76,
    "min": 3.0,
    "p10": 4.0,
    "median": 5.0,
    "p75": 5.0,
    "max": 5.0,
    "count": 25
  },
  "compactions": {
    "sum": 0.0,
    "avg": 0.0,
    "min": 0.0,
    "p10": 0.0,
    "median": 0.0,
    "p75": 0.0,
    "max": 0.0,
    "count": 25
  },
  "top_heap_gb": {
    "sum": 0.8212165832519531,
    "avg": 0.032848663330078125,
    "min": 0.025394439697265625,
    "p10": 0.02948760986328125,
    "median": 0.033580780029296875,
    "p75": 0.03436279296875,
    "max": 0.03436279296875,
    "count": 25
  },
  "stack_kb": {
    "sum": 8.0078125,
    "avg": 0.3203125,
    "min": 0.3203125,
    "p10": 0.3203125,
    "median": 0.3203125,
    "p75": 0.3203125,
    "max": 0.3203125,
    "count": 25
  },
  "minor_heap_kb": {
    "sum": 204800.0,
    "avg": 8192.0,
    "min": 8192.0,
    "p10": 8192.0,
    "median": 8192.0,
    "p75": 8192.0,
    "max": 8192.0,
    "count": 25
  },
  "attributes_table": {
    "num_bindings": {
      "sum": 0.0,
      "avg": 0.0,
      "min": 0.0,
      "p10": 0.0,
      "median": 0.0,
      "p75": 0.0,
      "max": 0.0,
      "count": 25
    },
    "num_buckets": {
      "sum": 400.0,
      "avg": 16.0,
      "min": 16.0,
      "p10": 16.0,
      "median": 16.0,
      "p75": 16.0,
      "max": 16.0,
      "count": 25
    },
    "max_bucket_length": {
      "sum": 0.0,
      "avg": 0.0,
      "min": 0.0,
      "p10": 0.0,
      "median": 0.0,
      "p75": 0.0,
      "max": 0.0,
      "count": 25
    }
  }
}