{
  "rtime": 0.823714017868042,
  "utime": 0.725078,
  "stime": 0.08874,
  "cutime": 0.002193,
  "cstime": 0.00161,
  "minor_gb": 0.2959393933415413,
  "promoted_gb": 0.03025314211845398,
  "major_gb": 0.037872813642024994,
  "allocated_gb": 0.3035590648651123,
  "minor_collections": 63,
  "major_collections": 5,
  "compactions": 0,
  "top_heap_gb": 0.033580780029296875,
  "stack_kb": 0.3203125,
  "minor_heap_kb": 8192.0,
  "attributes_table": {
    "num_bindings": 0,
    "num_buckets": 16,
    "max_bucket_length": 0
  }
}