{
  "rtime": 0.8228728771209717,
  "utime": 0.724711,
  "stime": 0.088296,
  "cutime": 0.002193,
  "cstime": 0.00161,
  "minor_gb": 0.29571596533060074,
  "promoted_gb": 0.03025314211845398,
  "major_gb": 0.03787270188331604,
  "allocated_gb": 0.3033355250954628,
  "minor_collections": 63,
  "major_collections": 5,
  "compactions": 0,
  "top_heap_gb": 0.033580780029296875,
  "stack_kb": 0.3203125,
  "minor_heap_kb": 8192.0,
  "attributes_table": {
    "num_bindings": 0,
    "num_buckets": 16,
    "max_bucket_length": 0
  }
}