{
  "rtime": 0.46822595596313477,
  "utime": 0.43388600000000005,
  "stime": 0.02733,
  "cutime": 0.00233,
  "cstime": 0.001629,
  "minor_gb": 0.09277438372373581,
  "promoted_gb": 0.016114935278892517,
  "major_gb": 0.02104818820953369,
  "allocated_gb": 0.09770763665437698,
  "minor_collections": 28,
  "major_collections": 3,
  "compactions": 0,
  "top_heap_gb": 0.025394439697265625,
  "stack_kb": 0.3203125,
  "minor_heap_kb": 8192.0,
  "attributes_table": {
    "num_bindings": 0,
    "num_buckets": 16,
    "max_bucket_length": 0
  }
}