{
  "rtime": 0.9146080017089844,
  "utime": 0.764597,
  "stime": 0.11248699999999999,
  "cutime": 0.002616,
  "cstime": 0.002003,
  "minor_gb": 0.32772909104824066,
  "promoted_gb": 0.034087955951690674,
  "major_gb": 0.037898868322372437,
  "allocated_gb": 0.3315400034189224,
  "minor_collections": 67,
  "major_collections": 5,
  "compactions": 0,
  "top_heap_gb": 0.03436279296875,
  "stack_kb": 0.3203125,
  "minor_heap_kb": 8192.0,
  "attributes_table": {
    "num_bindings": 0,
    "num_buckets": 16,
    "max_bucket_length": 0
  }
}