{
  "rtime": 0.8239140510559082,
  "utime": 0.725187,
  "stime": 0.08883000000000001,
  "cutime": 0.002193,
  "cstime": 0.00161,
  "minor_gb": 0.29598405212163925,
  "promoted_gb": 0.03025314211845398,
  "major_gb": 0.037872835993766785,
  "allocated_gb": 0.30360374599695206,
  "minor_collections": 63,
  "major_collections": 5,
  "compactions": 0,
  "top_heap_gb": 0.033580780029296875,
  "stack_kb": 0.3203125,
  "minor_heap_kb": 8192.0,
  "attributes_table": {
    "num_bindings": 0,
    "num_buckets": 16,
    "max_bucket_length": 0
  }
}