{
  "rtime": {
    "sum": 7.171364784240723,
    "avg": 0.28685459136962893,
    "min": 0.07529592514038086,
    "p10": 0.07839405536651611,
    "median": 0.17713189125061035,
    "p75": 0.3094000816345215,
    "max": 2.1847641468048096,
    "count": 25
  },
  "utime": {
    "sum": 5.989401000000001,
    "avg": 0.23957604000000005,
    "min": 0.0596,
    "p10": 0.06317,
    "median": 0.126004,
    "p75": 0.269624,
    "max": 1.8926800000000001,
    "count": 25
  },
  "stime": {
    "sum": 0.4497,
    "avg": 0.017988,
    "min": 0.0036929999999999992,
    "p10": 0.004056499999999999,
    "median": 0.017191,
    "p75": 0.022760000000000002,
    "max": 0.09601000000000001,
    "count": 25
  },
  "cutime": {
    "sum": 0.07781099999999999,
    "avg": 0.0031124399999999997,
    "min": 0.002347,
    "p10": 0.0029735,
    "median": 0.003125,
    "p75": 0.003232,
    "max": 0.003376,
    "count": 25
  },
  "cstime": {
    "sum": 0.063802,
    "avg": 0.00255208,
    "min": 0.001819,
    "p10": 0.002317,
    "median": 0.002576,
    "p75": 0.002703,
    "max": 0.002988,
    "count": 25
  },
  "minor_gb": {
    "sum": 6.877438701689243,
    "avg": 0.27509754806756975,
    "min": 0.037737876176834106,
    "p10": 0.03780822083353996,
    "median": 0.06321854889392853,
    "p75": 0.27037348598241806,
    "max": 3.3425435051321983,
    "count": 25
  },
  "promoted_gb": {
    "sum": 0.0815473198890686,
    "avg": 0.0032618927955627443,
    "min": 0.0016608759760856628,
    "p10": 0.0016608759760856628,
    "median": 0.002797141671180725,
    "p75": 0.003591671586036682,
    "max": 0.016025863587856293,
    "count": 25
  },
  "major_gb": {
    "sum": 0.14368262887001038,
    "avg": 0.005747305154800415,
    "min": 0.0016842633485794067,
    "p10": 0.0016894415020942688,
    "median": 0.006067231297492981,
    "p75": 0.007348842918872833,
    "max": 0.019946157932281494,
    "count": 25
  },
  "allocated_gb": {
    "sum": 6.939574010670185,
    "avg": 0.2775829604268074,
    "min": 0.03776126354932785,
    "p10": 0.03783678635954857,
    "median": 0.06648863852024078,
    "p75": 0.2742093876004219,
    "max": 3.3464637994766235,
    "count": 25
  },
  "minor_collections": {
    "sum": 1252.0,
    "avg": 50.08,
    "min": 20.0,
    "p10": 20.0,
    "median": 23.0,
    "p75": 49.0,
    "max": 443.0,
    "count": 25
  },
  "major_collections": {
    "sum": 35.0,
    "avg": 1.4,
    "min": 1.0,
    "p10": 1.0,
    "median": 1.0,
    "p75": 2.0,
    "max": 5.0,
    "count": 25
  },
  "compactions": {
    "sum": 0.0,
    "avg": 0.0,
    "min": 0.0,
    "p10": 0.0,
    "median": 0.0,
    "p75": 0.0,
    "max": 0.0,
    "count": 25
  },
  "top_heap_gb": {
    "sum": 0.19813919067382812,
    "avg": 0.007925567626953125,
    "min": 0.003662109375,
    "p10": 0.003662109375,
    "median": 0.0094146728515625,
    "p75": 0.0094146728515625,
    "max": 0.012454986572265625,
    "count": 25
  },
  "stack_kb": {
    "sum": 8.0078125,
    "avg": 0.3203125,
    "min": 0.3203125,
    "p10": 0.3203125,
    "median": 0.3203125,
    "p75": 0.3203125,
    "max": 0.3203125,
    "count": 25
  },
  "minor_heap_kb": {
    "sum": 204800.0,
    "avg": 8192.0,
    "min": 8192.0,
    "p10": 8192.0,
    "median": 8192.0,
    "p75": 8192.0,
    "max": 8192.0,
    "count": 25
  },
  "attributes_table": {
    "num_bindings": {
      "sum": 246.0,
      "avg": 9.84,
      "min": 1.0,
      "p10": 1.0,
      "median": 7.0,
      "p75": 14.0,
      "max": 52.0,
      "count": 25
    },
    "num_buckets": {
      "sum": 416.0,
      "avg": 16.64,
      "min": 16.0,
      "p10": 16.0,
      "median": 16.0,
      "p75": 16.0,
      "max": 32.0,
      "count": 25
    },
    "max_bucket_length": {
      "sum": 55.0,
      "avg": 2.2,
      "min": 1.0,
      "p10": 1.0,
      "median": 2.0,
      "p75": 3.0,
      "max": 4.0,
      "count": 25
    }
  }
}