{
  "rtime": 0.1237339973449707,
  "utime": 0.104772,
  "stime": 0.009971000000000001,
  "cutime": 0.003009,
  "cstime": 0.002658,
  "minor_gb": 0.04097558557987213,
  "promoted_gb": 0.0016608759760856628,
  "major_gb": 0.004910185933113098,
  "allocated_gb": 0.04422489553689957,
  "minor_collections": 20,
  "major_collections": 1,
  "compactions": 0,
  "top_heap_gb": 0.0094146728515625,
  "stack_kb": 0.3203125,
  "minor_heap_kb": 8192.0,
  "attributes_table": {
    "num_bindings": 1,
    "num_buckets": 16,
    "max_bucket_length": 1
  }
}