{
  "rtime": 0.21508502960205078,
  "utime": 0.17513800000000002,
  "stime": 0.020762000000000003,
  "cutime": 0.003203,
  "cstime": 0.002729,
  "minor_gb": 0.12231307476758957,
  "promoted_gb": 0.0030449330806732178,
  "major_gb": 0.0063486844301223755,
  "allocated_gb": 0.12561682611703873,
  "minor_collections": 30,
  "major_collections": 1,
  "compactions": 0,
  "top_heap_gb": 0.0094146728515625,
  "stack_kb": 0.3203125,
  "minor_heap_kb": 8192.0,
  "attributes_table": {
    "num_bindings": 12,
    "num_buckets": 16,
    "max_bucket_length": 4
  }
}