{
  "rtime": 0.0891871452331543,
  "utime": 0.067787,
  "stime": 0.0041800000000000006,
  "cutime": 0.003125,
  "cstime": 0.002678,
  "minor_gb": 0.037815675139427185,
  "promoted_gb": 0.0016608759760856628,
  "major_gb": 0.0016899332404136658,
  "allocated_gb": 0.03784473240375519,
  "minor_collections": 20,
  "major_collections": 1,
  "compactions": 0,
  "top_heap_gb": 0.003662109375,
  "stack_kb": 0.3203125,
  "minor_heap_kb": 8192.0,
  "attributes_table": {
    "num_bindings": 14,
    "num_buckets": 16,
    "max_bucket_length": 2
  }
}