{
  "rtime": 0.17713189125061035,
  "utime": 0.126004,
  "stime": 0.018258000000000003,
  "cutime": 0.003026,
  "cstime": 0.002416,
  "minor_gb": 0.06321854889392853,
  "promoted_gb": 0.002797141671180725,
  "major_gb": 0.006067231297492981,
  "allocated_gb": 0.06648863852024078,
  "minor_collections": 23,
  "major_collections": 1,
  "compactions": 0,
  "top_heap_gb": 0.0094146728515625,
  "stack_kb": 0.3203125,
  "minor_heap_kb": 8192.0,
  "attributes_table": {
    "num_bindings": 7,
    "num_buckets": 16,
    "max_bucket_length": 2
  }
}