{
  "rtime": 0.14627408981323242,
  "utime": 0.107392,
  "stime": 0.010057000000000002,
  "cutime": 0.002951,
  "cstime": 0.002284,
  "minor_gb": 0.04097386449575424,
  "promoted_gb": 0.0016608759760856628,
  "major_gb": 0.004910193383693695,
  "allocated_gb": 0.044223181903362274,
  "minor_collections": 20,
  "major_collections": 1,
  "compactions": 0,
  "top_heap_gb": 0.0094146728515625,
  "stack_kb": 0.3203125,
  "minor_heap_kb": 8192.0,
  "attributes_table": {
    "num_bindings": 1,
    "num_buckets": 16,
    "max_bucket_length": 1
  }
}