{
  "rtime": 125.28254508972168,
  "utime": 0.09873299999999999,
  "stime": 0.018164,
  "cutime": 291.299462,
  "cstime": 15.133397,
  "minor_gb": 0.0892159566283226,
  "promoted_gb": 0.0018133893609046936,
  "major_gb": 0.0036264732480049133,
  "allocated_gb": 0.09102904051542282,
  "minor_collections": 46,
  "major_collections": 1,
  "compactions": 0,
  "top_heap_gb": 0.003662109375,
  "stack_kb": 0.3203125,
  "minor_heap_kb": 8192.0,
  "attributes_table": {
    "num_bindings": 0,
    "num_buckets": 16,
    "max_bucket_length": 0
  }
}