{
  "rtime": 0.1988058090209961,
  "utime": 0.151346,
  "stime": 0.017191,
  "cutime": 0.002914,
  "cstime": 0.002223,
  "minor_gb": 0.09627839177846909,
  "promoted_gb": 0.0028788521885871887,
  "major_gb": 0.006145864725112915,
  "allocated_gb": 0.09954540431499481,
  "minor_collections": 27,
  "major_collections": 1,
  "compactions": 0,
  "top_heap_gb": 0.0094146728515625,
  "stack_kb": 0.3203125,
  "minor_heap_kb": 8192.0,
  "attributes_table": {
    "num_bindings": 2,
    "num_buckets": 16,
    "max_bucket_length": 1
  }
}