{
  "rtime": 2.1847641468048096,
  "utime": 1.8926800000000001,
  "stime": 0.09601000000000001,
  "cutime": 0.003031,
  "cstime": 0.002504,
  "minor_gb": 3.3425435051321983,
  "promoted_gb": 0.016025863587856293,
  "major_gb": 0.019946157932281494,
  "allocated_gb": 3.3464637994766235,
  "minor_collections": 443,
  "major_collections": 5,
  "compactions": 0,
  "top_heap_gb": 0.012454986572265625,
  "stack_kb": 0.3203125,
  "minor_heap_kb": 8192.0,
  "attributes_table": {
    "num_bindings": 52,
    "num_buckets": 32,
    "max_bucket_length": 4
  }
}